mean,std,min,max,amplitude,reps,label
153.5306942629966,3.2628518143267926,146.9223512068493,156.52150003628742,9.599148829438121,0,1
132.7806118682135,20.85773110641822,91.15000743296834,156.52150003628742,65.37149260331908,1,1
129.4047617550598,24.217873817570478,72.66065367190822,156.52150003628742,83.8608463643792,1,1
127.45748118582569,26.35124297572275,63.197222401099914,156.52150003628742,93.32427763518751,1,1
125.63873949238678,28.053774698857357,63.197222401099914,156.52150003628742,93.32427763518751,1,1
122.50473381629267,30.30308671131385,61.700934537585056,156.52150003628742,94.82056549870236,1,1
121.2599500307783,30.845467823031424,61.700934537585056,156.52150003628742,94.82056549870236,1,1
118.99860375590656,31.63964338895867,61.700934537585056,156.52150003628742,94.82056549870236,1,1
117.92727170611717,31.97750551716185,61.700934537585056,156.52150003628742,94.82056549870236,1,1
116.89349908250782,32.28049397560354,61.700934537585056,156.52150003628742,94.82056549870236,1,1
114.61903288279791,33.21617864684508,61.700934537585056,156.52150003628742,94.82056549870236,1,1
113.57954215641658,33.56099262623618,61.700934537585056,156.52150003628742,94.82056549870236,1,1
111.70915256461845,34.01659728350538,61.700934537585056,156.52150003628742,94.82056549870236,1,1
110.72752070714445,34.326539160351814,61.700934537585056,156.52150003628742,94.82056549870236,1,1
108.69118038922079,35.08133594069916,59.66678624394276,156.52150003628742,96.85471379234465,1,1
107.87306984412648,35.21411647988254,59.66678624394276,156.52150003628742,96.85471379234465,1,1
106.47563158543123,35.25972293009143,59.66678624394276,156.52150003628742,96.85471379234465,1,1
105.77545794036145,35.30166901049244,59.66678624394276,156.52150003628742,96.85471379234465,1,1
104.37563281965706,35.422969832251816,59.66678624394276,156.52150003628742,96.85471379234465,1,1
103.70942360042577,35.46304742834422,59.66678624394276,156.52150003628742,96.85471379234465,1,1
102.54819462009004,35.40547494688567,59.66678624394276,156.52150003628742,96.85471379234465,1,1
102.06107092245203,35.3080058285493,59.66678624394276,156.52150003628742,96.85471379234465,1,1
101.58972881114975,35.207216689353885,59.66678624394276,156.52150003628742,96.85471379234465,1,1
100.80411761502151,34.915411084627046,59.66678624394276,156.52150003628742,96.85471379234465,1,1
100.61708351916744,34.6733552453915,59.66678624394276,156.52150003628742,96.85471379234465,1,1
100.47137103369596,34.42534525797844,59.66678624394276,156.52150003628742,96.85471379234465,1,1
100.77982656451792,33.98066077314779,59.66678624394276,156.52150003628742,96.85471379234465,1,1
101.1075038052566,33.83635011893403,59.66678624394276,156.52150003628742,96.85471379234465,1,1
101.97928142772552,33.73984914297578,59.66678624394276,156.52150003628742,96.85471379234465,1,1
102.48648442889649,33.76909500278505,59.66678624394276,156.52150003628742,96.85471379234465,1,1
103.00715298543733,33.81954103957576,59.66678624394276,156.52150003628742,96.85471379234465,1,1
103.99333056907793,33.880137489296374,59.66678624394276,156.52150003628742,96.85471379234465,1,1
104.45576994879518,33.887811674061034,59.66678624394276,156.52150003628742,96.85471379234465,1,1
105.35919670244351,33.89953687408136,59.66678624394276,156.52150003628742,96.85471379234465,1,1
105.80749441251443,33.91047472001995,59.66678624394276,156.52150003628742,96.85471379234465,1,1
106.25407183553914,33.9252117372528,59.66678624394276,156.52150003628742,96.85471379234465,1,1
107.15230245204611,33.97630733678988,59.66678624394276,156.52150003628742,96.85471379234465,1,1
107.61321529571639,34.022334320316716,59.66678624394276,156.52150003628742,96.85471379234465,1,1
108.53787753701387,34.1323273670077,59.66678624394276,156.52150003628742,96.85471379234465,1,1
108.98995350913266,34.18299298031636,59.66678624394276,156.52150003628742,96.85471379234465,1,1
109.44274028939115,34.239106529496354,59.66678624394276,156.52150003628742,96.85471379234465,1,1
110.34751854958337,34.364090580258946,59.66678624394276,156.52150003628742,96.85471379234465,1,1
110.83374050780021,34.47356268344822,59.66678624394276,156.52150003628742,96.85471379234465,1,1
111.86387371424138,34.778540365813136,59.66678624394276,158.59325452096397,98.9264682770212,1,1
112.41093157172793,34.98047170406125,59.66678624394276,162.19319660300437,102.5264103590616,1,1
112.97003636548658,35.20277096936866,59.66678624394276,164.4076773912816,104.74089114733883,1,1
114.14918014794841,35.746395414639395,59.66678624394276,169.52152363895297,109.8547373950102,1,1
114.75938878360644,36.05368224794633,59.66678624394276,172.7292091711153,113.06242292717252,1,1
115.40225065814272,36.416223801786074,59.66678624394276,177.11699061362637,117.4502043696836,1,1
116.68964235933083,37.144804212698375,59.66678624394276,179.51701045407796,119.8502242101352,1,1
117.29577067047558,37.4474415231167,59.66678624394276,179.51701045407796,119.8502242101352,1,1
118.46785662514145,37.993474959713105,59.66678624394276,179.51701045407796,119.8502242101352,1,1
119.02833429124613,38.22997944109712,59.66678624394276,179.51701045407796,119.8502242101352,1,1
120.09869792837125,38.63542669878522,59.66678624394276,179.51701045407796,119.8502242101352,1,1
120.61702693679655,38.817830664693645,59.66678624394276,179.51701045407796,119.8502242101352,1,1
121.64282678651871,39.1751390815377,59.66678624394276,179.51701045407796,119.8502242101352,1,1
122.14607323245293,39.344167772881576,59.66678624394276,179.51701045407796,119.8502242101352,1,1
123.12480388551714,39.651968490034875,59.66678624394276,179.51701045407796,119.8502242101352,1,1
123.60158504523831,39.792875665709076,59.66678624394276,179.51701045407796,119.8502242101352,1,1
124.07028262786439,39.92572842467799,59.66678624394276,179.51701045407796,119.8502242101352,1,1
124.98011897471257,40.163570050515425,59.66678624394276,179.51701045407796,119.8502242101352,1,1
125.41930560256466,40.26646223589452,59.66678624394276,179.51701045407796,119.8502242101352,1,1
126.26772562870275,40.443246787304595,59.66678624394276,179.51701045407796,119.8502242101352,1,1
126.68318415791961,40.525037738239945,59.66678624394276,179.51701045407796,119.8502242101352,1,1
127.49113458381183,40.669082006266095,59.66678624394276,179.51701045407796,119.8502242101352,1,1
127.88288704802791,40.73066332116586,59.66678624394276,179.51701045407796,119.8502242101352,1,1
128.64360190489697,40.83539154572661,59.66678624394276,179.51701045407796,119.8502242101352,1,1
129.01395543503244,40.88027671743979,59.66678624394276,179.51701045407796,119.8502242101352,1,1
129.7393008109789,40.9604917960583,59.66678624394276,179.51701045407796,119.8502242101352,1,1
130.09511409776547,40.99674336450929,59.66678624394276,179.51701045407796,119.8502242101352,1,1
130.8043399243629,41.07400455194947,59.66678624394276,179.51701045407796,119.8502242101352,1,1
131.16188154851517,41.11951003220227,59.66678624394276,179.51701045407796,119.8502242101352,1,1
131.87420657497094,41.214360172950116,59.66678624394276,179.51701045407796,119.8502242101352,1,1
132.19017820687483,41.22166485482858,59.66678624394276,179.51701045407796,119.8502242101352,1,1
132.49441956628704,41.21943974088012,59.66678624394276,179.51701045407796,119.8502242101352,1,1
133.056893816946,41.177798640075835,59.66678624394276,179.51701045407796,119.8502242101352,1,1
133.3057613270025,41.131607846350455,59.66678624394276,179.51701045407796,119.8502242101352,1,1
133.70995018759683,40.97563451112314,59.66678624394276,179.51701045407796,119.8502242101352,1,1
133.87960545640095,40.87938858393446,59.66678624394276,179.51701045407796,119.8502242101352,1,1
134.1657845551999,40.663696338097594,59.66678624394276,179.51701045407796,119.8502242101352,1,1
134.28743610163625,40.548361011530275,59.66678624394276,179.51701045407796,119.8502242101352,1,1
134.5163645557998,40.316504601521856,59.66678624394276,179.51701045407796,119.8502242101352,1,1
134.6326232042703,40.20368897732403,59.66678624394276,179.51701045407796,119.8502242101352,1,1
134.86395512019268,39.982175451351985,59.66678624394276,179.51701045407796,119.8502242101352,1,1
134.9840325291762,39.875626145578664,59.66678624394276,179.51701045407796,119.8502242101352,1,1
135.22379334866392,39.666809627486955,59.66678624394276,179.51701045407796,119.8502242101352,1,1
135.34201824670077,39.563825453417,59.66678624394276,179.51701045407796,119.8502242101352,1,1
135.5387067324711,39.34569291373901,59.66678624394276,179.51701045407796,119.8502242101352,1,1
135.60912908256302,39.22918086071333,59.66678624394276,179.51701045407796,119.8502242101352,1,1
135.701823817999,38.98878173009547,59.66678624394276,179.51701045407796,119.8502242101352,1,1
135.7382022625451,38.86867197867515,59.66678624394276,179.51701045407796,119.8502242101352,1,1
135.75389015503802,38.7475219528624,59.66678624394276,179.51701045407796,119.8502242101352,1,1
135.69857353203818,38.5108400025327,59.66678624394276,179.51701045407796,119.8502242101352,1,1
135.65593905920065,38.396361612535486,59.66678624394276,179.51701045407796,119.8502242101352,1,1
135.54389087099372,38.17651965729719,59.66678624394276,179.51701045407796,119.8502242101352,2,1
135.45879771236045,38.077048120361084,59.66678624394276,179.51701045407796,119.8502242101352,2,1
135.31010744815248,37.877291764862115,59.66678624394276,179.51701045407796,119.8502242101352,2,1
135.2867620762846,37.76627473183551,59.66678624394276,179.51701045407796,119.8502242101352,2,1
135.18728165496694,37.56018042755293,59.66678624394276,179.51701045407796,119.8502242101352,2,1
135.07952221727925,37.477335652654716,59.66678624394276,179.51701045407796,119.8502242101352,2,1
134.85500529574065,37.32077410837087,59.66678624394276,179.51701045407796,119.8502242101352,2,1
134.74662919098708,37.24143914296418,59.66678624394276,179.51701045407796,119.8502242101352,2,1
134.39176897773135,37.18217003633935,59.66678624394276,179.51701045407796,119.8502242101352,2,1
134.19271221425956,37.17203537145582,59.66678624394276,179.51701045407796,119.8502242101352,2,1
133.81598515309827,37.13541715582394,59.66678624394276,179.51701045407796,119.8502242101352,2,1
133.6097669312238,37.135897432235375,59.66678624394276,179.51701045407796,119.8502242101352,2,1
133.17770065681057,37.161201221990865,59.66678624394276,179.51701045407796,119.8502242101352,2,1
132.94322973159885,37.19556972569777,59.66678624394276,179.51701045407796,119.8502242101352,2,1
132.48705246361135,37.252906130103014,59.66678624394276,179.51701045407796,119.8502242101352,2,1
132.25140419729937,37.29190711923696,59.66678624394276,179.51701045407796,119.8502242101352,2,1
132.00809135110208,37.34112588329768,59.66678624394276,179.51701045407796,119.8502242101352,2,1
131.51574229082794,37.449553944091846,59.66678624394276,179.51701045407796,119.8502242101352,2,1
131.27600680845418,37.497282698753516,59.66678624394276,179.51701045407796,119.8502242101352,2,1
130.80730542908518,37.58266636438448,59.66678624394276,179.51701045407796,119.8502242101352,2,1
130.58532448266013,37.612315605079736,59.66678624394276,179.51701045407796,119.8502242101352,2,1
130.20681474305744,37.60721002977449,59.66678624394276,179.51701045407796,119.8502242101352,2,1
130.05337625094757,37.57309606211483,59.66678624394276,179.51701045407796,119.8502242101352,2,1
129.84557357419808,37.44089479150625,59.66678624394276,179.51701045407796,119.8502242101352,2,1
129.743975947628,37.37466512548182,59.66678624394276,179.51701045407796,119.8502242101352,2,1
129.6348371897647,37.20634335880219,59.66678624394276,179.51701045407796,119.8502242101352,2,1
129.62542100138072,37.114830263863205,59.66678624394276,179.51701045407796,119.8502242101352,2,1
129.64385568161734,36.93410572075766,59.66678624394276,179.51701045407796,119.8502242101352,2,1
129.65588808102893,36.84475354276377,59.66678624394276,179.51701045407796,119.8502242101352,2,1
129.7044851822027,36.67051393496261,59.66678624394276,179.51701045407796,119.8502242101352,2,1
129.73431289185453,36.58520943930039,59.66678624394276,179.51701045407796,119.8502242101352,2,1
129.81020291782897,36.41967143967729,59.66678624394276,179.51701045407796,119.8502242101352,2,1
129.85706920840835,36.340051600258924,59.66678624394276,179.51701045407796,119.8502242101352,2,1
129.98004368743997,36.19224789177881,59.66678624394276,179.51701045407796,119.8502242101352,2,1
130.04714748544396,36.12132296452595,59.66678624394276,179.51701045407796,119.8502242101352,2,1
130.18265623496129,35.98192252625294,59.66678624394276,179.51701045407796,119.8502242101352,2,1
130.2520860228743,35.9138665575308,59.66678624394276,179.51701045407796,119.8502242101352,2,1
130.3226133682946,35.84690561355359,59.66678624394276,179.51701045407796,119.8502242101352,2,1
130.48383955342103,35.72429476121476,59.66678624394276,179.51701045407796,119.8502242101352,2,1
130.57829147814454,35.67138981825002,59.66678624394276,179.51701045407796,119.8502242101352,2,1
130.815158389557,35.599643128663914,59.66678624394276,179.51701045407796,119.8502242101352,2,1
130.9580687747474,35.58478367817123,59.66678624394276,179.51701045407796,119.8502242101352,2,1
131.31115991711977,35.62572633812712,59.66678624394276,179.51701045407796,119.8502242101352,2,1
131.5184644110865,35.684465859345785,59.66678624394276,179.51701045407796,119.8502242101352,2,1
131.92836286486522,35.797556412477896,59.66678624394276,179.51701045407796,119.8502242101352,2,1
132.1207582680808,35.83896281071571,59.66678624394276,179.51701045407796,119.8502242101352,2,1
132.48110599430353,35.894442383591795,59.66678624394276,179.51701045407796,119.8502242101352,2,1
132.6525010782573,35.913084470276274,59.66678624394276,179.51701045407796,119.8502242101352,2,1
132.9886387487767,35.94494710661041,59.66678624394276,179.51701045407796,119.8502242101352,2,1
133.15536344165088,35.960362919282424,59.66678624394276,179.51701045407796,119.8502242101352,2,1
133.489441291582,35.99377902554262,59.66678624394276,179.51701045407796,119.8502242101352,2,1
133.65614463825798,36.01105116565184,59.66678624394276,179.51701045407796,119.8502242101352,2,1
133.82193142839614,36.02792490475439,59.66678624394276,179.51701045407796,119.8502242101352,2,1
134.1510097141787,36.06074600352079,59.66678624394276,179.51701045407796,119.8502242101352,2,1
134.31351565901522,36.07582535437226,59.66678624394276,179.51701045407796,119.8502242101352,2,1
134.6316625139213,36.100314534922035,59.66678624394276,179.51701045407796,119.8502242101352,2,1
134.78825121180407,36.11077939795413,59.66678624394276,179.51701045407796,119.8502242101352,2,1
135.1013237137831,36.13335702434359,59.66678624394276,179.51701045407796,119.8502242101352,2,1
135.25863237796446,36.14635209575223,59.66678624394276,179.51701045407796,119.8502242101352,2,1
135.5746469155694,36.175577930603566,59.66678624394276,179.51701045407796,119.8502242101352,2,1
135.73193508696855,36.190249952604354,59.66678624394276,179.51701045407796,119.8502242101352,2,1
136.0409146857853,36.21517279342601,59.66678624394276,179.51701045407796,119.8502242101352,2,1
136.19125136055348,36.224008982673105,59.66678624394276,179.51701045407796,119.8502242101352,2,1
136.49805090995395,36.249916397160916,59.66678624394276,179.51701045407796,119.8502242101352,2,1
136.65432446228795,36.26683869587218,59.66678624394276,179.51701045407796,119.8502242101352,2,1
136.8090580161739,36.2825840643504,59.66678624394276,179.51701045407796,119.8502242101352,2,1
137.12760244667763,36.32586232090632,59.66678624394276,179.51701045407796,119.8502242101352,2,1
137.28680865017574,36.34820101033372,59.66678624394276,179.51701045407796,119.8502242101352,2,1
137.59180199213128,36.37946313724699,59.66678624394276,179.51701045407796,119.8502242101352,2,1
137.71282978208146,36.36442701221055,59.66678624394276,179.51701045407796,119.8502242101352,2,1
137.92073037567232,36.30774331783518,59.66678624394276,179.51701045407796,119.8502242101352,2,1
138.0204209742786,36.276922425737254,59.66678624394276,179.51701045407796,119.8502242101352,2,1
138.21810209174157,36.21545044897414,59.66678624394276,179.51701045407796,119.8502242101352,2,1
138.30858910367817,36.17949508214648,59.66678624394276,179.51701045407796,119.8502242101352,2,1
138.47367983463704,36.09868244318898,59.66678624394276,179.51701045407796,119.8502242101352,2,1
138.5476730361701,36.053799008053595,59.66678624394276,179.51701045407796,119.8502242101352,2,1
138.69037579141826,35.962364593933216,59.66678624394276,179.51701045407796,119.8502242101352,2,1
138.75364691910812,35.913067749061895,59.66678624394276,179.51701045407796,119.8502242101352,2,1
138.85806127174524,35.80625097662922,59.66678624394276,179.51701045407796,119.8502242101352,2,1
138.90029942589047,35.749469323499774,59.66678624394276,179.51701045407796,119.8502242101352,2,1
138.93807981654237,35.69164667694517,59.66678624394276,179.51701045407796,119.8502242101352,2,1
139.00249421723086,35.57397448214337,59.66678624394276,179.51701045407796,119.8502242101352,2,1
139.032275482263,35.51505552641478,59.66678624394276,179.51701045407796,119.8502242101352,2,1
139.08234254201952,35.39616229043187,59.66678624394276,179.51701045407796,119.8502242101352,2,1
139.09627485801664,35.335445485836495,59.66678624394276,179.51701045407796,119.8502242101352,2,1
139.06806556423663,35.21712969876778,59.66678624394276,179.51701045407796,119.8502242101352,2,1
139.01282686117455,35.169149703330156,59.66678624394276,179.51701045407796,119.8502242101352,3,1
138.86466080661572,35.09462057392338,59.66678624394276,179.51701045407796,119.8502242101352,3,1
138.76876096350665,35.07332068557931,59.66678624394276,179.51701045407796,119.8502242101352,3,1
138.5592039141047,35.04694131775214,59.66678624394276,179.51701045407796,119.8502242101352,3,1
138.42342279319513,35.06579035703382,59.66678624394276,179.51701045407796,119.8502242101352,3,1
138.06375804944736,35.22290184072223,59.66678624394276,179.51701045407796,119.8502242101352,3,1
137.8771278205315,35.31192045984035,59.66678624394276,179.51701045407796,119.8502242101352,3,1
137.47060717469807,35.54530013227739,59.66678624394276,179.51701045407796,119.8502242101352,3,1
137.26677728015517,35.66294407279245,59.66678624394276,179.51701045407796,119.8502242101352,3,1
136.84807829903312,35.917607406252536,59.66678624394276,179.51701045407796,119.8502242101352,3,1
136.6343155783239,36.05267555554292,59.66678624394276,179.51701045407796,119.8502242101352,3,1
136.21821943642993,36.30214088093589,59.66678624394276,179.51701045407796,119.8502242101352,3,1
136.01147718033008,36.42451382805523,59.66678624394276,179.51701045407796,119.8502242101352,3,1
135.60392956006493,36.65897944969273,59.66678624394276,179.51701045407796,119.8502242101352,3,1
135.41142601782724,36.75729018851514,59.66678624394276,179.51701045407796,119.8502242101352,3,1
135.06205822729322,36.900471166645396,59.66678624394276,179.51701045407796,119.8502242101352,3,1
134.88813370209348,36.97053568735311,59.66678624394276,179.51701045407796,119.8502242101352,3,1
134.54969735020794,37.09768683822766,59.66678624394276,179.51701045407796,119.8502242101352,3,1
134.40524387234797,37.12849785593366,59.66678624394276,179.51701045407796,119.8502242101352,3,1
134.12702973777147,37.178192627650134,59.66678624394276,179.51701045407796,119.8502242101352,3,1
133.98638565321775,37.205401149365024,59.66678624394276,179.51701045407796,119.8502242101352,3,1
133.72357975821595,37.239263558002726,59.66678624394276,179.51701045407796,119.8502242101352,3,1
133.58067321273808,37.27035034817951,59.66678624394276,179.51701045407796,119.8502242101352,3,1
133.31847591044297,37.30551911321152,59.66678624394276,179.51701045407796,119.8502242101352,3,1
133.2082799293867,37.30153423004237,59.66678624394276,179.51701045407796,119.8502242101352,3,1
133.12046604236448,37.27846506110099,59.66678624394276,179.51701045407796,119.8502242101352,3,1
132.97117057936646,37.214933943043484,59.66678624394276,179.51701045407796,119.8502242101352,3,1
132.90227964938458,37.17974357545514,59.66678624394276,179.51701045407796,119.8502242101352,3,1
132.76386601432444,37.11067572918293,59.66678624394276,179.51701045407796,119.8502242101352,3,1
132.70169729905064,37.072441531510925,59.66678624394276,179.51701045407796,119.8502242101352,3,1
132.6053187428534,36.98301204789859,59.66678624394276,179.51701045407796,119.8502242101352,3,1
132.56908886055461,36.93407139890672,59.66678624394276,179.51701045407796,119.8502242101352,3,1
132.51095944236613,36.83271401499235,59.66678624394276,179.51701045407796,119.8502242101352,3,1
132.49007369223273,36.78051868655914,59.66678624394276,179.51701045407796,119.8502242101352,3,1
132.46080893909308,36.67483954146599,59.66678624394276,179.51701045407796,119.8502242101352,3,1
132.45627617366836,36.62143459033653,59.66678624394276,179.51701045407796,119.8502242101352,3,1
132.45111715901572,36.515194484195405,59.66678624394276,179.51701045407796,119.8502242101352,3,1
132.45080813949806,36.462389131785805,59.66678624394276,179.51701045407796,119.8502242101352,3,1
132.44737492884954,36.357492568233624,59.66678624394276,179.51701045407796,119.8502242101352,3,1
132.4488738046862,36.30537787142575,59.66678624394276,179.51701045407796,119.8502242101352,3,1
132.47924955320826,36.20421638400738,59.66678624394276,179.51701045407796,119.8502242101352,3,1
132.51063389926813,36.15753452292126,59.66678624394276,179.51701045407796,119.8502242101352,3,1
132.55123581340075,36.11431835318487,59.66678624394276,179.51701045407796,119.8502242101352,3,1
132.67389994537118,36.049920435455675,59.66678624394276,179.51701045407796,119.8502242101352,3,1
132.75765153361917,36.03382157537679,59.66678624394276,179.51701045407796,119.8502242101352,3,1
132.94012514289378,36.01542432032728,59.66678624394276,179.51701045407796,119.8502242101352,3,1
133.0364622033947,36.01138991848636,59.66678624394276,179.51701045407796,119.8502242101352,3,1
133.24335416394345,36.01840408440817,59.66678624394276,179.51701045407796,119.8502242101352,3,1
133.3502799924653,36.0259492840448,59.66678624394276,179.51701045407796,119.8502242101352,3,1
133.57020112610948,36.04847214374694,59.66678624394276,179.51701045407796,119.8502242101352,3,1
133.68111620702942,36.061199028670565,59.66678624394276,179.51701045407796,119.8502242101352,3,1
133.9102172176899,36.09574460275222,59.66678624394276,179.51701045407796,119.8502242101352,3,1
134.02711034316485,36.116159413316325,59.66678624394276,179.51701045407796,119.8502242101352,3,1
134.2604252114667,36.157191661237434,59.66678624394276,179.51701045407796,119.8502242101352,3,1
134.37702604487697,36.178019620787566,59.66678624394276,179.51701045407796,119.8502242101352,3,1
134.4924664404181,36.19771840902919,59.66678624394276,179.51701045407796,119.8502242101352,3,1
134.7219192497907,36.236178937327175,59.66678624394276,179.51701045407796,119.8502242101352,3,1
134.94695537432827,36.27046235937312,59.66678624394276,179.51701045407796,119.8502242101352,3,1
135.0565918792671,36.28465940351101,59.66678624394276,179.51701045407796,119.8502242101352,3,1
135.2737789492514,36.31143755229617,59.66678624394276,179.51701045407796,119.8502242101352,3,1
135.38139517704337,36.32409669935271,59.66678624394276,179.51701045407796,119.8502242101352,3,1
155.22434240831478,22.84366540956655,87.25377884995494,179.5625575922879,92.30877874233296,4,0
156.35061721788915,22.352577491908924,87.25377884995494,179.5625575922879,92.30877874233296,4,0
156.43887620984688,22.33359693129146,87.25377884995494,179.5625575922879,92.30877874233296,4,0
156.52677320675681,22.314839215386716,87.25377884995494,179.5625575922879,92.30877874233296,4,0
156.60817378121558,22.29151073343894,87.25377884995494,179.5625575922879,92.30877874233296,4,0
156.67730732971128,22.260094318257586,87.25377884995494,179.5625575922879,92.30877874233296,4,0
156.7445431031289,22.227937921566248,87.25377884995494,179.5625575922879,92.30877874233296,4,0
156.80872796337673,22.194356783517613,87.25377884995494,179.5625575922879,92.30877874233296,4,0
156.84895769398915,22.149374626065434,87.25377884995494,179.5625575922879,92.30877874233296,4,0
156.87176085060293,22.09955625214691,87.25377884995494,179.5625575922879,92.30877874233296,4,0
156.93073656420452,22.064334082528628,87.25377884995494,179.5625575922879,92.30877874233296,4,0
156.9921644789732,22.030970045582922,87.25377884995494,179.5625575922879,92.30877874233296,4,0
157.0600475977981,22.002097014954725,87.25377884995494,179.5625575922879,92.30877874233296,4,0
157.1201452994193,21.968787583269105,87.25377884995494,179.5625575922879,92.30877874233296,4,0
157.1799539679937,21.935728527324073,87.25377884995494,179.5625575922879,92.30877874233296,4,0
157.24556504664682,21.906690767289714,87.25377884995494,179.5625575922879,92.30877874233296,4,0
157.31344856574623,21.879587371516536,87.25377884995494,179.5625575922879,92.30877874233296,4,0
157.3868015361904,21.85677753763915,87.25377884995494,179.5625575922879,92.30877874233296,4,0
157.43798471007528,21.820482097020648,87.25377884995494,179.5625575922879,92.30877874233296,4,0
157.46109048018332,21.773990917083488,87.25377884995494,179.5625575922879,92.30877874233296,4,0
157.37595485112928,21.762116493017373,87.25377884995494,179.5625575922879,92.30877874233296,4,0
157.30070939739971,21.74254063632693,87.25377884995494,179.5625575922879,92.30877874233296,4,0
157.23518441655855,21.71632483631295,87.25377884995494,179.5625575922879,92.30877874233296,4,0
157.18893102308434,21.679331260248603,87.25377884995494,179.5625575922879,92.30877874233296,4,0
157.16261175198372,21.63514500711532,87.25377884995494,179.5625575922879,92.30877874233296,4,0
157.1422945200414,21.58981756589126,87.25377884995494,179.5625575922879,92.30877874233296,4,0
157.20921387102717,21.566311519027366,87.25377884995494,179.5625575922879,92.30877874233296,4,0
157.27898721084284,21.545264873681162,87.25377884995494,179.5625575922879,92.30877874233296,4,0
157.35422998217064,21.528842527965256,87.25377884995494,179.5625575922879,92.30877874233296,4,0
157.43246806790032,21.515279478775287,87.25377884995494,179.5625575922879,92.30877874233296,4,0
157.5072838764595,21.499281910316405,87.25377884995494,179.5625575922879,92.30877874233296,4,0
157.58004226627173,21.482022222532933,87.25377884995494,179.5625575922879,92.30877874233296,4,0
157.65129263586726,21.463957547885876,87.25377884995494,179.5625575922879,92.30877874233296,4,0
157.70821165288626,21.43620059003842,87.25377884995494,179.5625575922879,92.30877874233296,4,0
157.75872189195388,21.404997900593933,87.25377884995494,179.5625575922879,92.30877874233296,4,0
157.80671064196383,21.3727543060529,87.25377884995494,179.5625575922879,92.30877874233296,4,0
157.853392178343,21.34014980050798,87.25377884995494,179.5625575922879,92.30877874233296,4,0
157.89933149396538,21.30748403152944,87.25377884995494,179.5625575922879,92.30877874233296,4,0
157.9420927691335,21.273548549656734,87.25377884995494,179.5625575922879,92.30877874233296,4,0
157.98052403711898,21.237931094987836,87.25377884995494,179.5625575922879,92.30877874233296,4,0
158.01679567677746,21.2016963572701,87.25377884995494,179.5625575922879,92.30877874233296,4,0
158.05172741628903,21.16521158518109,87.25377884995494,179.5625575922879,92.30877874233296,4,0
158.08599331372062,21.12875389305214,87.25377884995494,179.5625575922879,92.30877874233296,4,0
158.11949973530145,21.09228686169968,87.25377884995494,179.5625575922879,92.30877874233296,4,0
158.15865992217167,21.058505620033102,87.25377884995494,179.5625575922879,92.30877874233296,4,0
158.19899272185276,21.025563360085314,87.25377884995494,179.5625575922879,92.30877874233296,4,0
158.24063829278452,20.993547471604515,87.25377884995494,179.5625575922879,92.30877874233296,4,0
158.28257898508517,20.96196831637563,87.25377884995494,179.5625575922879,92.30877874233296,4,0
158.3260766152705,20.931471822304125,87.25377884995494,179.5625575922879,92.30877874233296,4,0
158.36748892241854,20.900200361492068,87.25377884995494,179.5625575922879,92.30877874233296,4,0
158.39972210617483,20.865129829408144,87.25377884995494,179.5625575922879,92.30877874233296,4,0
158.42526400128756,20.8279789308777,87.25377884995494,179.5625575922879,92.30877874233296,4,0
158.45068592689418,20.791047715082453,87.25377884995494,179.5625575922879,92.30877874233296,4,0
158.47555266985665,20.754199575627876,87.25377884995494,179.5625575922879,92.30877874233296,4,0
158.50033324761208,20.717576718055838,87.25377884995494,179.5625575922879,92.30877874233296,4,0
158.52285953430228,20.680540609487107,87.25377884995494,179.5625575922879,92.30877874233296,4,0
158.5459112756474,20.643898957037383,87.25377884995494,179.5625575922879,92.30877874233296,4,0
158.57246946497136,20.608593571269623,87.25377884995494,179.5625575922879,92.30877874233296,4,0
158.60014471474489,20.57391578780285,87.25377884995494,179.5625575922879,92.30877874233296,4,0
158.62785149631603,20.53949308385729,87.25377884995494,179.5625575922879,92.30877874233296,4,0
158.65456908908547,20.50496837714353,87.25377884995494,179.5625575922879,92.30877874233296,4,0
158.6808480498506,20.470533063976873,87.25377884995494,179.5625575922879,92.30877874233296,4,0
158.70346499366858,20.435177354956583,87.25377884995494,179.5625575922879,92.30877874233296,4,0
158.73116666067236,20.401713611800616,87.25377884995494,179.5625575922879,92.30877874233296,4,0
158.76169702019894,20.369559251616216,87.25377884995494,179.5625575922879,92.30877874233296,4,0
158.7953629962563,20.338961535457166,87.25377884995494,179.5625575922879,92.30877874233296,4,0
158.82989034649412,20.3089888998277,87.25377884995494,179.5625575922879,92.30877874233296,4,0
158.87287429731512,20.283599993546243,87.25377884995494,179.5625575922879,92.30877874233296,4,0
158.91542074226075,20.258208493559035,87.25377884995494,179.5625575922879,92.30877874233296,4,0
158.95749828685652,20.232795581293214,87.25377884995494,179.5625575922879,92.30877874233296,4,0
158.99971722961152,20.207704749850517,87.25377884995494,179.5625575922879,92.30877874233296,4,0
159.04079328116038,20.182210359629494,87.25377884995494,179.5625575922879,92.30877874233296,4,0
159.0830197715347,20.157604233869684,87.25377884995494,179.5625575922879,92.30877874233296,4,0
159.12562336884702,20.133453384493045,87.25377884995494,179.5625575922879,92.30877874233296,4,0
159.1694143157381,20.110242089598113,87.25377884995494,179.5625575922879,92.30877874233296,4,0
159.21305108202807,20.087173431206143,87.25377884995494,179.5625575922879,92.30877874233296,4,0
159.25665349960897,20.06431770498229,87.25377884995494,179.5625575922879,92.30877874233296,4,0
159.30038080466983,20.04176988344985,87.25377884995494,179.5625575922879,92.30877874233296,4,0
159.34536153414228,20.02023014112215,87.25377884995494,179.5625575922879,92.30877874233296,4,0
159.39041342701992,19.998966031770767,87.25377884995494,179.5625575922879,92.30877874233296,4,0
159.43354666562806,19.976736851326894,87.25377884995494,179.5625575922879,92.30877874233296,4,0
159.4777210536136,19.95537718716337,87.25377884995494,179.5625575922879,92.30877874233296,4,0
159.52185695831164,19.934218107315438,87.25377884995494,179.5625575922879,92.30877874233296,4,0
159.56592890032437,19.91324185226006,87.25377884995494,179.5625575922879,92.30877874233296,4,0
159.60669955254806,19.890473617407427,87.25377884995494,179.5625575922879,92.30877874233296,4,0
159.64397705833028,19.865951800759884,87.25377884995494,179.5625575922879,92.30877874233296,4,0
159.67992654777683,19.840933709401384,87.25377884995494,179.5625575922879,92.30877874233296,4,0
159.7185894479353,19.81759813856719,87.25377884995494,179.5625575922879,92.30877874233296,4,0
159.75708221070752,19.794374820446066,87.25377884995494,179.5625575922879,92.30877874233296,4,0
159.79486359664986,19.770958944624777,87.25377884995494,179.5625575922879,92.30877874233296,4,0
159.83378461300978,19.74839371003929,87.25377884995494,179.5625575922879,92.30877874233296,4,0
159.8722307629897,19.725760110096548,87.25377884995494,179.5625575922879,92.30877874233296,4,0
159.91162820152732,19.703881453835045,87.25377884995494,179.5625575922879,92.30877874233296,4,0
159.949293456125,19.68120476094384,87.25377884995494,179.5625575922879,92.30877874233296,4,0
159.98425566003607,19.657248789673027,87.25377884995494,179.5625575922879,92.30877874233296,4,0
160.0209653765415,19.63443401086212,87.25377884995494,179.5625575922879,92.30877874233296,4,0
160.0565629096724,19.611203059045067,87.25377884995494,179.5625575922879,92.30877874233296,4,0
160.09014157940604,19.587098263813473,87.25377884995494,179.5625575922879,92.30877874233296,4,0
160.12080677460293,19.561746477719165,87.25377884995494,179.5625575922879,92.30877874233296,4,0
160.14849493526827,19.535239688761568,87.25377884995494,179.5625575922879,92.30877874233296,4,0
160.1749301448207,19.508386479515835,87.25377884995494,179.5625575922879,92.30877874233296,4,0
160.20121170889618,19.481646051662064,87.25377884995494,179.5625575922879,92.30877874233296,4,0
160.22857925185122,19.455535151119374,87.25377884995494,179.5625575922879,92.30877874233296,4,0
160.25491824655938,19.42916501270442,87.25377884995494,179.5625575922879,92.30877874233296,4,0
160.27998851102694,19.402452487687146,87.25377884995494,179.5625575922879,92.30877874233296,4,0
160.3060714767147,19.37631967358992,87.25377884995494,179.5625575922879,92.30877874233296,4,0
160.33176779085213,19.350196763222723,87.25377884995494,179.5625575922879,92.30877874233296,4,0
160.3577791212222,19.324371704962864,87.25377884995494,179.5625575922879,92.30877874233296,4,0
160.38783960851984,19.300536886968334,87.25377884995494,179.5625575922879,92.30877874233296,4,0
160.418561771792,19.27719682049059,87.25377884995494,179.5625575922879,92.30877874233296,4,0
160.44710156859645,19.25297883670681,87.25377884995494,179.5625575922879,92.30877874233296,4,0
160.47532913341203,19.228782864071125,87.25377884995494,179.5625575922879,92.30877874233296,4,0
160.50391872158093,19.204919832957692,87.25377884995494,179.5625575922879,92.30877874233296,4,0
160.5318979733886,19.180937404611505,87.25377884995494,179.5625575922879,92.30877874233296,4,0
160.56050166777888,19.157408688705324,87.25377884995494,179.5625575922879,92.30877874233296,4,0
160.58916591105123,19.134070640963287,87.25377884995494,179.5625575922879,92.30877874233296,4,0
160.6175000817134,19.110737011650496,87.25377884995494,179.5625575922879,92.30877874233296,4,0
160.64551211010146,19.087411210238013,87.25377884995494,179.5625575922879,92.30877874233296,4,0
160.6739040043322,19.064423318317377,87.25377884995494,179.5625575922879,92.30877874233296,4,0
160.7017545461976,19.041336279720127,87.25377884995494,179.5625575922879,92.30877874233296,4,0
160.7302532039205,19.01871425047447,87.25377884995494,179.5625575922879,92.30877874233296,4,0
160.75824349827127,18.996003651368778,87.25377884995494,179.5625575922879,92.30877874233296,4,0
160.7860234313642,18.97334687147901,87.25377884995494,179.5625575922879,92.30877874233296,4,0
160.81285427457368,18.95039840656229,87.25377884995494,179.5625575922879,92.30877874233296,4,0
160.84036575819331,18.927919173860484,87.25377884995494,179.5625575922879,92.30877874233296,4,0
160.86815894518313,18.90572517280445,87.25377884995494,179.5625575922879,92.30877874233296,4,0
160.89644575047834,18.88392143500313,87.25377884995494,179.5625575922879,92.30877874233296,4,0
160.92423584154702,18.862024236418133,87.25377884995494,179.5625575922879,92.30877874233296,4,0
160.95341244545392,18.84096672011827,87.25377884995494,179.5625575922879,92.30877874233296,4,0
160.98650164626446,18.822200038530823,87.25377884995494,179.5625575922879,92.30877874233296,4,0
161.02212649237617,18.805123658337006,87.25377884995494,179.5625575922879,92.30877874233296,4,0
161.06172096978744,18.790847425767502,87.25377884995494,179.5625575922879,92.30877874233296,4,0
161.10353203270932,18.77833369419414,87.25377884995494,179.5625575922879,92.30877874233296,4,0
161.1474549483471,18.767595058447334,87.25377884995494,179.5625575922879,92.30877874233296,4,0
161.1923437714045,18.757784929150198,87.25377884995494,179.5625575922879,92.30877874233296,4,0
161.24055550414357,18.750915148394466,87.25377884995494,179.5625575922879,92.30877874233296,4,0
161.28919697428842,18.744582301275724,87.25377884995494,179.5625575922879,92.30877874233296,4,0
161.33908285417039,18.739519510736184,87.25377884995494,179.5625575922879,92.30877874233296,4,0
161.3875032219521,18.73331015944028,87.25377884995494,179.5625575922879,92.30877874233296,4,0
161.43576816338395,18.727123091233953,87.25377884995494,179.5625575922879,92.30877874233296,4,0
161.48419455110056,18.72123672866347,87.25377884995494,179.5625575922879,92.30877874233296,4,0
161.53257680272807,18.71546853980766,87.25377884995494,179.5625575922879,92.30877874233296,4,0
161.58048799798013,18.709439780858627,87.25377884995494,179.5625575922879,92.30877874233296,4,0
161.62801983738885,18.703232385957712,87.25377884995494,179.5625575922879,92.30877874233296,4,0
161.67533887839912,18.696992453603226,87.25377884995494,179.5625575922879,92.30877874233296,4,0
161.72315228041083,18.691342322503726,87.25377884995494,179.5625575922879,92.30877874233296,4,0
161.77175243165084,18.68655119346992,87.25377884995494,179.5625575922879,92.30877874233296,4,0
161.8204868529685,18.682034367228663,87.25377884995494,179.5625575922879,92.30877874233296,4,0
161.86938752707988,18.67782107833455,87.25377884995494,179.5625575922879,92.30877874233296,4,0
161.9176703073867,18.673194115632118,87.25377884995494,179.5625575922879,92.30877874233296,4,0
161.96553857285647,18.668341003080016,87.25377884995494,179.5625575922879,92.30877874233296,4,0
162.01327978572743,18.663521606163293,87.25377884995494,179.5625575922879,92.30877874233296,4,0
162.0610121254699,18.65884189902381,87.25377884995494,179.5625575922879,92.30877874233296,4,0
162.1022768050593,18.64883131938299,87.25377884995494,179.5625575922879,92.30877874233296,4,0
162.1405311987173,18.636676443977006,87.25377884995494,179.5625575922879,92.30877874233296,4,0
162.1826147843628,18.627608069574492,87.25377884995494,179.5625575922879,92.30877874233296,4,0
162.22227110415338,18.6167731332315,87.25377884995494,179.5625575922879,92.30877874233296,4,0
162.26426558611223,18.60791813980895,87.25377884995494,179.5625575922879,92.30877874233296,4,0
162.30726796708237,18.600031643779978,87.25377884995494,179.5625575922879,92.30877874233296,4,0
162.35213070952148,18.593871452525505,87.25377884995494,179.5625575922879,92.30877874233296,4,0
162.3980284242907,18.58876582691394,87.25377884995494,179.5625575922879,92.30877874233296,4,0
162.44408637246377,18.583943812458653,87.25377884995494,179.5625575922879,92.30877874233296,4,0
162.489209882786,18.57842618372783,87.25377884995494,179.5625575922879,92.30877874233296,4,0
162.53408962787728,18.572830827422607,87.25377884995494,179.5625575922879,92.30877874233296,4,0
162.5777307652985,18.56629180676284,87.25377884995494,179.5625575922879,92.30877874233296,4,0
162.61967359349404,18.55845127796118,87.25377884995494,179.5625575922879,92.30877874233296,4,0
162.66012733257335,18.549527505470742,87.25377884995494,179.5625575922879,92.30877874233296,4,0
162.69963872993884,18.539985864032996,87.25377884995494,179.5625575922879,92.30877874233296,4,0
162.73838027594235,18.52997335980086,87.25377884995494,179.5625575922879,92.30877874233296,4,0
162.77665376185323,18.519729078860674,87.25377884995494,179.5625575922879,92.30877874233296,4,0
162.81440603821088,18.50921483842215,87.25377884995494,179.5625575922879,92.30877874233296,4,0
162.85170574482797,18.498485292963107,87.25377884995494,179.5625575922879,92.30877874233296,4,0
162.8885516943118,18.487541542503692,87.25377884995494,179.5625575922879,92.30877874233296,4,0
162.9253618348068,18.47669608974379,87.25377884995494,179.5625575922879,92.30877874233296,4,0
162.96295472214936,18.466567948780646,87.25377884995494,179.5625575922879,92.30877874233296,4,0
163.0006166373322,18.45661730395112,87.25377884995494,179.5625575922879,92.30877874233296,4,0
163.0377933735486,18.446418507678118,87.25377884995494,179.5625575922879,92.30877874233296,4,0
163.07504334314206,18.436398584993057,87.25377884995494,179.5625575922879,92.30877874233296,4,0
163.11181435773335,18.426135394461575,87.25377884995494,179.5625575922879,92.30877874233296,4,0
163.14788621325405,18.41546666302422,87.25377884995494,179.5625575922879,92.30877874233296,4,0
163.1837565451981,18.40476756345261,87.25377884995494,179.5625575922879,92.30877874233296,4,0
163.21891333124492,18.393660138649153,87.25377884995494,179.5625575922879,92.30877874233296,4,0
163.25325320705892,18.382077841080147,87.25377884995494,179.5625575922879,92.30877874233296,4,0
163.28706062026885,18.37023210186025,87.25377884995494,179.5625575922879,92.30877874233296,4,0
163.32052111433222,18.358256757861092,87.25377884995494,179.5625575922879,92.30877874233296,4,0
163.3538345094354,18.346292657574164,87.25377884995494,179.5625575922879,92.30877874233296,4,0
163.3867204300931,18.334143262643085,87.25377884995494,179.5625575922879,92.30877874233296,4,0
163.41865870170835,18.321454919214023,87.25377884995494,179.5625575922879,92.30877874233296,4,0
163.44888291068978,18.30774346551318,87.25377884995494,179.5625575922879,92.30877874233296,4,0
163.47749353464042,18.293127027538784,87.25377884995494,179.5625575922879,92.30877874233296,4,0
163.50607482625097,18.278600054967377,87.25377884995494,179.5625575922879,92.30877874233296,4,0
163.53991464165995,18.267711115860347,87.25377884995494,179.5625575922879,92.30877874233296,4,0
163.57766013785968,18.2599500677719,87.25377884995494,179.5625575922879,92.30877874233296,4,0
163.61749881037676,18.254059946365878,87.25377884995494,179.5625575922879,92.30877874233296,4,0
163.65683077772167,18.247849086923058,87.25377884995494,179.5625575922879,92.30877874233296,4,0
163.67696609738826,18.22932552889089,87.25377884995494,179.5625575922879,92.30877874233296,4,0
163.68955623123242,18.20819990822978,87.25377884995494,179.5625575922879,92.30877874233296,4,0
163.67812973989135,18.18685769602205,87.25377884995494,179.5625575922879,92.30877874233296,4,0
163.66587315899883,18.16582065278715,87.25377884995494,179.5625575922879,92.30877874233296,4,0
163.65898513787084,18.14373658343038,87.25377884995494,179.5625575922879,92.30877874233296,4,0
163.65011467111455,18.12208451502069,87.25377884995494,179.5625575922879,92.30877874233296,4,0
163.6339265587426,18.10255947148167,87.25377884995494,179.5625575922879,92.30877874233296,4,0
163.61993546108593,18.082383702883472,87.25377884995494,179.5625575922879,92.30877874233296,4,0
163.5841023438876,18.074492361406676,87.25377884995494,179.5625575922879,92.30877874233296,4,0
163.54083824279672,18.07331033206971,87.25377884995494,179.5625575922879,92.30877874233296,4,0
163.54083824279672,18.07331033206971,87.25377884995494,179.5625575922879,92.30877874233296,4,0
163.54083824279672,18.07331033206971,87.25377884995494,179.5625575922879,92.30877874233296,4,0
163.54083824279672,18.07331033206971,87.25377884995494,179.5625575922879,92.30877874233296,4,0
163.54083824279672,18.07331033206971,87.25377884995494,179.5625575922879,92.30877874233296,4,0
163.54083824279672,18.07331033206971,87.25377884995494,179.5625575922879,92.30877874233296,4,0
163.54083824279672,18.07331033206971,87.25377884995494,179.5625575922879,92.30877874233296,4,0
163.54083824279672,18.07331033206971,87.25377884995494,179.5625575922879,92.30877874233296,4,0
163.54083824279672,18.07331033206971,87.25377884995494,179.5625575922879,92.30877874233296,4,0
172.71276553747043,4.473418715191999,158.7262845381345,175.6840827735635,16.95779823542898,0,1
129.896826545655,62.08675176833922,18.513440524826287,175.6840827735635,157.1706422487372,1,1
130.28269140643076,61.66692215430754,18.513440524826287,175.6840827735635,157.1706422487372,1,1
131.32211488271673,60.99167786469682,18.513440524826287,175.6840827735635,157.1706422487372,1,1
131.93443534742573,60.72884179705232,18.513440524826287,175.6840827735635,157.1706422487372,1,1
133.1485315575644,60.234255320902356,18.513440524826287,175.6840827735635,157.1706422487372,1,1
133.72783666352697,59.98669706491758,18.513440524826287,175.6840827735635,157.1706422487372,1,1
134.84556212622985,59.49910938363881,18.513440524826287,175.6840827735635,157.1706422487372,1,1
135.39747605713617,59.26721343730748,18.513440524826287,175.6840827735635,157.1706422487372,1,1
136.45503995145705,58.80419512047174,18.513440524826287,175.6840827735635,157.1706422487372,1,1
136.95225715552337,58.5672453828623,18.513440524826287,175.6840827735635,157.1706422487372,1,1
137.90065803562922,58.09266791701239,18.513440524826287,175.6840827735635,157.1706422487372,1,1
138.36226547940944,57.861033579987506,18.513440524826287,175.6840827735635,157.1706422487372,1,1
139.26936152780428,57.41335798424307,18.513440524826287,175.6840827735635,157.1706422487372,1,1
139.70913318856324,57.19327425906893,18.513440524826287,175.6840827735635,157.1706422487372,1,1
140.5550407504568,56.755879164111064,18.513440524826287,175.6840827735635,157.1706422487372,1,1
140.96047647491193,56.53782123641113,18.513440524826287,175.6840827735635,157.1706422487372,1,1
141.70399761756818,56.08404283292364,18.513440524826287,175.6840827735635,157.1706422487372,1,1
142.0371476481335,55.84631284428468,18.513440524826287,175.6840827735635,157.1706422487372,1,1
142.34914546877283,55.60430233157345,18.513440524826287,175.6840827735635,157.1706422487372,1,1
142.95321297139301,55.128833565335015,18.513440524826287,175.6840827735635,157.1706422487372,1,1
143.24645108109232,54.89562450471905,18.513440524826287,175.6840827735635,157.1706422487372,1,1
143.8086194867016,54.43438423354553,18.513440524826287,175.6840827735635,157.1706422487372,1,1
144.07350759448445,54.204291658428374,18.513440524826287,175.6840827735635,157.1706422487372,1,1
144.59780055853653,53.75699593787682,18.513440524826287,175.6840827735635,157.1706422487372,1,1
144.85362427365905,53.537888483528285,18.513440524826287,175.6840827735635,157.1706422487372,1,1
145.35314263522136,53.108398528044205,18.513440524826287,175.6840827735635,157.1706422487372,1,1
145.59612324186494,52.89746583926979,18.513440524826287,175.6840827735635,157.1706422487372,1,1
146.0676194223519,52.482299848126985,18.513440524826287,175.6840827735635,157.1706422487372,1,1
146.29250965020103,52.27627417959943,18.513440524826287,175.6840827735635,157.1706422487372,1,1
146.4984755631952,52.06631632453972,18.513440524826287,175.6840827735635,157.1706422487372,1,1
146.8438459639847,51.63328811461709,18.513440524826287,175.6840827735635,157.1706422487372,1,1
146.9710029362582,51.408116964801486,18.513440524826287,175.6840827735635,157.1706422487372,1,1
147.10982726872055,50.94549285161465,18.513440524826287,175.6840827735635,157.1706422487372,1,1
147.11034884963394,50.71339401957171,18.513440524826287,175.6840827735635,157.1706422487372,1,1
146.9868302326078,50.26907559535489,18.513440524826287,175.6840827735635,157.1706422487372,1,1
146.83790205345707,50.07096386302709,18.513440524826287,175.6840827735635,157.1706422487372,1,1
146.38549062387744,49.75229957436256,18.513440524826287,175.6840827735635,157.1706422487372,2,1
146.06197201385638,49.658725196994205,18.513440524826287,175.6840827735635,157.1706422487372,2,1
145.24353529989676,49.63137023836019,18.513440524826287,175.6840827735635,157.1706422487372,2,1
144.76242389016292,49.69795152339406,18.513440524826287,175.6840827735635,157.1706422487372,2,1
144.24655864197067,49.809355713917626,18.513440524826287,175.6840827735635,157.1706422487372,2,1
143.1013521446572,50.19364181501223,18.513440524826287,175.6840827735635,157.1706422487372,2,1
142.44235926437574,50.51633275843369,18.513440524826287,175.6840827735635,157.1706422487372,2,1
141.02936901341343,51.32120033038377,18.513440524826287,175.6840827735635,157.1706422487372,2,1
140.31837789462136,51.73152283145977,18.513440524826287,175.6840827735635,157.1706422487372,2,1
138.91537029547192,52.519965349945956,18.513440524826287,175.6840827735635,157.1706422487372,2,1
138.22601553831083,52.89415000668521,18.513440524826287,175.6840827735635,157.1706422487372,2,1
136.8384765780534,53.65878378642432,18.513440524826287,175.6840827735635,157.1706422487372,2,1
136.1527395310176,54.0282637812002,18.513440524826287,175.6840827735635,157.1706422487372,2,1
134.80458828476281,54.73062311327911,18.513440524826287,175.6840827735635,157.1706422487372,2,1
134.1493367487209,55.05257638696911,18.513440524826287,175.6840827735635,157.1706422487372,2,1
132.86976878605174,55.651221745563106,18.513440524826287,175.6840827735635,157.1706422487372,2,1
132.24694552130723,55.92637604230245,18.513440524826287,175.6840827735635,157.1706422487372,2,1
131.0526489204022,56.4047469947326,18.513440524826287,175.6840827735635,157.1706422487372,2,1
130.47457217499797,56.619041559222744,18.513440524826287,175.6840827735635,157.1706422487372,2,1
129.42629376061916,56.90672594595476,18.513440524826287,175.6840827735635,157.1706422487372,2,1
129.01100934619714,56.92581736914883,18.513440524826287,175.6840827735635,157.1706422487372,2,1
128.68202067332206,56.86638464232206,18.513440524826287,175.6840827735635,157.1706422487372,2,1
128.2396107059448,56.606101559878105,18.513440524826287,175.6840827735635,157.1706422487372,2,1
128.1117623912739,56.435832005660856,18.513440524826287,175.6840827735635,157.1706422487372,2,1
128.0105097811128,56.06620274546033,18.513440524826287,175.6840827735635,157.1706422487372,2,1
128.0147862914965,55.880269224542765,18.513440524826287,175.6840827735635,157.1706422487372,2,1
128.15671251030568,55.52928597322078,18.513440524826287,175.6840827735635,157.1706422487372,2,1
128.27956157645292,55.36955772503539,18.513440524826287,175.6840827735635,157.1706422487372,2,1
128.59050587910934,55.08122589422931,18.513440524826287,175.6840827735635,157.1706422487372,2,1
128.76813009705228,54.95033061591992,18.513440524826287,175.6840827735635,157.1706422487372,2,1
129.18202231934387,54.72682328796754,18.513440524826287,175.6840827735635,157.1706422487372,2,1
129.39775854013536,54.62331440300318,18.513440524826287,175.6840827735635,157.1706422487372,2,1
129.83365362820504,54.42491594460649,18.513440524826287,175.6840827735635,157.1706422487372,2,1
130.0518413578421,54.328734674800764,18.513440524826287,175.6840827735635,157.1706422487372,2,1
130.47678272563343,54.13456592311842,18.513440524826287,175.6840827735635,157.1706422487372,2,1
130.6873334056604,54.03898608216096,18.513440524826287,175.6840827735635,157.1706422487372,2,1
131.10410779575358,53.8503994178276,18.513440524826287,175.6840827735635,157.1706422487372,2,1
131.31356695562266,53.759438588608326,18.513440524826287,175.6840827735635,157.1706422487372,2,1
131.52180471076255,53.66940584462835,18.513440524826287,175.6840827735635,157.1706422487372,2,1
131.92946390929458,53.4886709644039,18.513440524826287,175.6840827735635,157.1706422487372,2,1
132.12854610261152,53.39772588670776,18.513440524826287,175.6840827735635,157.1706422487372,2,1
132.51833414355247,53.21534569686489,18.513440524826287,175.6840827735635,157.1706422487372,2,1
132.7081443900357,53.12332555223629,18.513440524826287,175.6840827735635,157.1706422487372,2,1
133.07972388537632,52.93891936948395,18.513440524826287,175.6840827735635,157.1706422487372,2,1
133.26097084796953,52.84619171261567,18.513440524826287,175.6840827735635,157.1706422487372,2,1
133.61779531355677,52.66171940495245,18.513440524826287,175.6840827735635,157.1706422487372,2,1
133.79488674613705,52.570860992812285,18.513440524826287,175.6840827735635,157.1706422487372,2,1
134.1503956506168,52.39424547122202,18.513440524826287,175.6840827735635,157.1706422487372,2,1
134.32752845889982,52.307661600211446,18.513440524826287,175.6840827735635,157.1706422487372,2,1
134.67528972357292,52.134588335243635,18.513440524826287,175.6840827735635,157.1706422487372,2,1
134.8362900093852,52.04233869551828,18.513440524826287,175.6840827735635,157.1706422487372,2,1
134.96971145077188,51.93670640747755,18.513440524826287,175.6840827735635,157.1706422487372,2,1
135.19457922495636,51.71040985702413,18.513440524826287,175.6840827735635,157.1706422487372,2,1
135.2961092149262,51.59465545494823,18.513440524826287,175.6840827735635,157.1706422487372,2,1
135.43930276222562,51.34762044572862,18.513440524826287,175.6840827735635,157.1706422487372,2,1
135.48615571510138,51.21994807317065,18.513440524826287,175.6840827735635,157.1706422487372,2,1
135.50682754213503,50.96054495871553,18.513440524826287,175.6840827735635,157.1706422487372,2,1
135.47399390594015,50.83378277981324,18.513440524826287,175.6840827735635,157.1706422487372,2,1
135.30352186060452,50.608861245974,18.513440524826287,175.6840827735635,157.1706422487372,3,1
135.15276800361087,50.52781026689661,18.513440524826287,175.6840827735635,157.1706422487372,3,1
134.7461491568586,50.444371786589095,18.513440524826287,175.6840827735635,157.1706422487372,3,1
134.50730564959326,50.43551653903384,18.513440524826287,175.6840827735635,157.1706422487372,3,1
134.22494130142493,50.47373255265826,18.513440524826287,175.6840827735635,157.1706422487372,3,1
133.50432472667862,50.75932648411853,18.513440524826287,175.6840827735635,157.1706422487372,3,1
133.10522271081982,50.96168778881814,18.513440524826287,175.6840827735635,157.1706422487372,3,1
132.30332818111307,51.37348711717293,18.513440524826287,175.6840827735635,157.1706422487372,3,1
131.90513082171412,51.57542819754344,18.513440524826287,175.6840827735635,157.1706422487372,3,1
131.11324001364883,51.97316069914717,18.513440524826287,175.6840827735635,157.1706422487372,3,1
130.71296727813342,52.179626762261115,18.513440524826287,175.6840827735635,157.1706422487372,3,1
129.91843008922504,52.58375733358082,18.513440524826287,175.6840827735635,157.1706422487372,3,1
129.52272770413305,52.78381119147885,18.513440524826287,175.6840827735635,157.1706422487372,3,1
128.72787219580977,53.19057297429826,18.513440524826287,175.6840827735635,157.1706422487372,3,1
128.34027722770892,53.378621414344956,18.513440524826287,175.6840827735635,157.1706422487372,3,1
127.58731965220973,53.72126623205387,18.513440524826287,175.6840827735635,157.1706422487372,3,1
127.22355958175602,53.874003048402756,18.513440524826287,175.6840827735635,157.1706422487372,3,1
126.66210087198125,53.96711200625417,18.513440524826287,175.6840827735635,157.1706422487372,3,1
126.48041730345605,53.91650249988402,18.513440524826287,175.6840827735635,157.1706422487372,3,1
126.35008794279248,53.83327873686223,18.513440524826287,175.6840827735635,157.1706422487372,3,1
126.20323782938797,53.62200196791341,18.513440524826287,175.6840827735635,157.1706422487372,3,1
126.18068943520069,53.50639343261287,18.513440524826287,175.6840827735635,157.1706422487372,3,1
126.20953329566024,53.276631093184015,18.513440524826287,175.6840827735635,157.1706422487372,3,1
126.25272180330633,53.16625044354292,18.513440524826287,175.6840827735635,157.1706422487372,3,1
126.41217955837384,52.96838655842118,18.513440524826287,175.6840827735635,157.1706422487372,3,1
126.52396037759829,52.88381549080729,18.513440524826287,175.6840827735635,157.1706422487372,3,1
126.79409735236061,52.743136729030525,18.513440524826287,175.6840827735635,157.1706422487372,3,1
126.94501582779283,52.68415094147828,18.513440524826287,175.6840827735635,157.1706422487372,3,1
127.26078710822541,52.578533607540784,18.513440524826287,175.6840827735635,157.1706422487372,3,1
127.42019153179787,52.528110456744166,18.513440524826287,175.6840827735635,157.1706422487372,3,1
127.57971900072128,52.47862714521384,18.513440524826287,175.6840827735635,157.1706422487372,3,1
127.90018730282188,52.383228878933814,18.513440524826287,175.6840827735635,157.1706422487372,3,1
128.06161839746468,52.337681310707794,18.513440524826287,175.6840827735635,157.1706422487372,3,1
128.37853733787563,52.2445935213174,18.513440524826287,175.6840827735635,157.1706422487372,3,1
128.5327559488877,52.196110898076235,18.513440524826287,175.6840827735635,157.1706422487372,3,1
128.83351371654516,52.095940650190855,18.513440524826287,175.6840827735635,157.1706422487372,3,1
129.0042234709664,52.062768263910755,18.513440524826287,175.6840827735635,157.1706422487372,3,1
129.38297174634425,52.031434621694,18.513440524826287,178.00593551132636,159.49249498650008,3,1
129.5783175526611,52.022553559978185,18.513440524826287,179.19615235714718,160.6827118323209,3,1
129.9624135511327,52.000943209688884,18.513440524826287,179.55898970285386,161.04554917802758,3,1
130.14473025727034,51.98230098152467,18.513440524826287,179.55898970285386,161.04554917802758,3,1
130.49048896973298,51.93069991152474,18.513440524826287,179.55898970285386,161.04554917802758,3,1
130.6572829933549,51.90085066272278,18.513440524826287,179.55898970285386,161.04554917802758,3,1
130.98264191659572,51.83658361680908,18.513440524826287,179.55898970285386,161.04554917802758,3,1
131.14021776605227,51.8013858967817,18.513440524826287,179.55898970285386,161.04554917802758,3,1
131.45216100863914,51.73058601888604,18.513440524826287,179.55898970285386,161.04554917802758,3,1
131.59330880933518,51.68491362184415,18.513440524826287,179.55898970285386,161.04554917802758,3,1
131.8259945092574,51.56289404584677,18.513440524826287,179.55898970285386,161.04554917802758,3,1
131.90633343778188,51.484183057081694,18.513440524826287,179.55898970285386,161.04554917802758,3,1
132.00133771408304,51.30644091236669,18.513440524826287,179.55898970285386,161.04554917802758,3,1
132.00965292685834,51.21257047848128,18.513440524826287,179.55898970285386,161.04554917802758,3,1
131.76990586434778,51.123160032714665,18.513440524826287,179.55898970285386,161.04554917802758,4,1
131.5015387412977,51.224152106860295,18.513440524826287,179.55898970285386,161.04554917802758,4,1
131.19127886044902,51.39075048750964,18.513440524826287,179.55898970285386,161.04554917802758,4,1
130.4857100478749,51.87547500047462,18.513440524826287,179.55898970285386,161.04554917802758,4,1
130.11766014892544,52.14640451243689,18.513440524826287,179.55898970285386,161.04554917802758,4,1
129.35835058195687,52.73230616197753,18.513440524826287,179.55898970285386,161.04554917802758,4,1
128.97156420165226,53.03827463602948,18.513440524826287,179.55898970285386,161.04554917802758,4,1
128.19050503447875,53.662286551000854,17.372401824847092,179.55898970285386,162.18658787800678,4,1
127.80238491714739,53.967619294582455,17.188151477714197,179.55898970285386,162.37083822513966,4,1
127.03693590737667,54.55331622551814,17.188151477714197,179.55898970285386,162.37083822513966,4,1
126.66702653108223,54.8194709884884,17.188151477714197,179.55898970285386,162.37083822513966,4,1
125.97349448992293,55.263685338107656,17.188151477714197,179.55898970285386,162.37083822513966,4,1
125.6803887567508,55.39508867203261,17.188151477714197,179.55898970285386,162.37083822513966,4,1
125.41295019363479,55.30848023236521,17.188151477714197,179.55898970285386,162.37083822513966,4,1
125.4532289009431,55.218976604562094,17.188151477714197,179.55898970285386,162.37083822513966,4,1
125.60638158158842,55.06460560119824,17.188151477714197,179.55898970285386,162.37083822513966,4,1
125.70910885104719,55.00063754616037,17.188151477714197,179.55898970285386,162.37083822513966,4,1
125.98158524929784,54.918079729547266,17.188151477714197,179.55898970285386,162.37083822513966,4,1
126.1271173115228,54.88469219171601,17.188151477714197,179.55898970285386,162.37083822513966,4,1
126.42038921046955,54.82145459306393,17.188151477714197,179.55898970285386,162.37083822513966,4,1
126.57097156435444,54.793943688272364,17.188151477714197,179.55898970285386,162.37083822513966,4,1
126.72151977935228,54.766983638677374,17.188151477714197,179.55898970285386,162.37083822513966,4,1
127.02723350325549,54.71870350641316,17.188151477714197,179.55898970285386,162.37083822513966,4,1
127.18115935830215,54.696335286873584,17.188151477714197,179.55898970285386,162.37083822513966,4,1
127.48497624364086,54.64982419921607,17.188151477714197,179.55898970285386,162.37083822513966,4,1
127.63590464367456,54.62656558313738,17.188151477714197,179.55898970285386,162.37083822513966,4,1
127.93839421327523,54.58225404961293,17.188151477714197,179.55898970285386,162.37083822513966,4,1
128.08914593123683,54.56049624695852,17.188151477714197,179.55898970285386,162.37083822513966,4,1
128.38913578716483,54.51730008372444,17.188151477714197,179.55898970285386,162.37083822513966,4,1
128.5382824239807,54.49577521550524,17.188151477714197,179.55898970285386,162.37083822513966,4,1
128.68654251580847,54.47401720064707,17.188151477714197,179.55898970285386,162.37083822513966,4,1
128.98059128815225,54.42995567047632,17.188151477714197,179.55898970285386,162.37083822513966,4,1
129.27237325034048,54.38603305099266,17.188151477714197,179.55898970285386,162.37083822513966,4,1
129.41712049078154,54.3638635280569,17.188151477714197,179.55898970285386,162.37083822513966,4,1
129.70408693337325,54.31889071609088,17.188151477714197,179.55898970285386,162.37083822513966,4,1
175.08653568838835,2.968278722707478,171.73412187519583,179.83396733638912,8.099845461193297,0,0
172.45436122309482,4.730602942429564,165.68906175158543,179.83396733638912,14.144905584803695,0,0
172.2300407214629,4.789504828323029,165.68906175158543,179.83396733638912,14.144905584803695,0,0
172.08694965353905,4.769927165977585,165.68906175158543,179.83396733638912,14.144905584803695,0,0
172.1143283901195,4.7339255481283065,165.68906175158543,179.83396733638912,14.144905584803695,0,0
172.3119870602061,4.78635163905928,165.68906175158543,179.83396733638912,14.144905584803695,0,0
172.5077411371107,4.833326196721946,165.68906175158543,179.83396733638912,14.144905584803695,0,0
172.57973624777964,4.829345036982438,165.68906175158543,179.83396733638912,14.144905584803695,0,0
172.5949079464011,4.770377648193161,165.68906175158543,179.83396733638912,14.144905584803695,0,0
172.46229779515403,4.7634778218282525,165.68906175158543,179.83396733638912,14.144905584803695,0,0
172.35693322340677,4.807991790057738,165.19214234459253,179.83396733638912,14.641824991796597,0,0
172.1436426279089,4.902697554148189,164.56774507521638,179.83396733638912,15.266222261172743,0,0
172.0552358070565,4.9144877833435325,164.56774507521638,179.83396733638912,15.266222261172743,0,0
171.5142135289613,6.722594879822117,132.01958722801342,179.83396733638912,47.8143801083757,0,0
170.79574935966306,8.267321345484898,130.09410345098456,179.83396733638912,49.73986388540456,0,0
169.16450944048225,12.952690591424641,105.64437612364895,179.83396733638912,74.18959121274017,1,0
167.7250747868165,15.665315582303691,105.20806126206134,179.83396733638912,74.62590607432779,1,0
167.19398240111562,16.276891176075367,105.20806126206134,179.83396733638912,74.62590607432779,1,0
166.26359313523827,17.13787641997777,105.20806126206134,179.83396733638912,74.62590607432779,1,0
165.38093608370437,17.86499249488677,105.20806126206134,179.83396733638912,74.62590607432779,1,0
164.94498245041024,18.209929744285397,105.20806126206134,179.83396733638912,74.62590607432779,1,0
163.94697568823565,19.15460250593112,105.20806126206134,179.83396733638912,74.62590607432779,1,0
163.04067197646225,19.873249073045624,105.20806126206134,179.83396733638912,74.62590607432779,1,0
162.75174315858376,19.952923345507703,105.20806126206134,179.83396733638912,74.62590607432779,1,0
162.41207952264241,19.924329606956324,105.20806126206134,179.83396733638912,74.62590607432779,1,0
161.90086331246718,20.0458664734422,105.20806126206134,179.83396733638912,74.62590607432779,1,0
161.59540397459736,20.162216563008258,105.20806126206134,179.83396733638912,74.62590607432779,1,0
161.50197502311926,20.22184594241253,105.20806126206134,179.83396733638912,74.62590607432779,1,0
161.6367931633548,20.041491032603442,105.20806126206134,179.83396733638912,74.62590607432779,1,0
161.5526485721096,19.85431328767937,105.20806126206134,179.83396733638912,74.62590607432779,1,0
161.54088281484263,19.75805538128536,105.20806126206134,179.83396733638912,74.62590607432779,1,0
161.6322808369747,19.580819063745928,105.20806126206134,179.83396733638912,74.62590607432779,1,0
161.7928056197403,19.432150823815878,105.20806126206134,179.83396733638912,74.62590607432779,1,0
161.90853209178397,19.378986576185667,105.20806126206134,179.83396733638912,74.62590607432779,1,0
162.2007607716137,19.322055599627458,105.20806126206134,179.83396733638912,74.62590607432779,1,0
162.37380815738499,19.192482159463083,105.20806126206134,179.83396733638912,74.62590607432779,1,0
162.4244069712651,19.114873048691326,105.20806126206134,179.83396733638912,74.62590607432779,1,0
162.50596470209803,18.957846488032864,105.20806126206134,179.83396733638912,74.62590607432779,1,0
162.58151763273142,18.803847326938502,105.20806126206134,179.83396733638912,74.62590607432779,1,0
162.61656997191668,18.727838849760918,105.20806126206134,179.83396733638912,74.62590607432779,1,0
162.6871064402758,18.5790194697682,105.20806126206134,179.83396733638912,74.62590607432779,1,0
162.7562281916676,18.433880469638957,105.20806126206134,179.83396733638912,74.62590607432779,1,0
162.82428011682273,18.292342972193726,105.20806126206134,179.83396733638912,74.62590607432779,1,0
162.8600020007379,18.223368609888837,105.20806126206134,179.83396733638912,74.62590607432779,1,0
162.93065994041038,18.087937160649126,105.20806126206134,179.83396733638912,74.62590607432779,1,0
163.00496332184193,17.956941906214787,105.20806126206134,179.83396733638912,74.62590607432779,1,0
163.04529951488826,17.893609153597552,105.20806126206134,179.83396733638912,74.62590607432779,1,0
163.1505612655262,17.77810410521362,105.20806126206134,179.83396733638912,74.62590607432779,1,0
163.3241076188546,17.702544354728317,105.20806126206134,179.83396733638912,74.62590607432779,1,0
163.43728913307427,17.685454196082535,105.20806126206134,179.83396733638912,74.62590607432779,1,0
163.64516250708343,17.640138894522952,105.20806126206134,179.83396733638912,74.62590607432779,1,0
163.7544344685056,17.536968195066976,105.20806126206134,179.83396733638912,74.62590607432779,1,0
163.78306456310762,17.477483729253148,105.20806126206134,179.83396733638912,74.62590607432779,1,0
163.80635692116508,17.35524807775176,105.20806126206134,179.83396733638912,74.62590607432779,1,0
163.82368666408243,17.234935145261087,105.20806126206134,179.83396733638912,74.62590607432779,1,0
163.84382621123393,17.117409975534216,105.20806126206134,179.83396733638912,74.62590607432779,1,0
163.8710676171298,17.062263443151014,105.20806126206134,179.83396733638912,74.62590607432779,1,0
163.83384553377343,17.026489209312594,105.20806126206134,179.83396733638912,74.62590607432779,1,0
163.9317548157212,16.94282191893806,105.20806126206134,179.83396733638912,74.62590607432779,1,0
163.95214628808438,16.888855933616178,105.20806126206134,179.83396733638912,74.62590607432779,1,0
163.96094166246044,16.779036905661,105.20806126206134,179.83396733638912,74.62590607432779,1,0
163.92734535225142,16.673787640010474,105.20806126206134,179.83396733638912,74.62590607432779,1,0
163.8968891696029,16.62495411067555,105.20806126206134,179.83396733638912,74.62590607432779,1,0
163.80999671709702,16.53856694176414,105.20806126206134,179.83396733638912,74.62590607432779,1,0
163.73867837087158,16.44861190467026,105.20806126206134,179.83396733638912,74.62590607432779,1,0
163.74174886463314,16.397812280193058,105.20806126206134,179.83396733638912,74.62590607432779,1,0
163.82262503966876,16.316153375344683,105.20806126206134,179.83396733638912,74.62590607432779,1,0
163.98569897532553,16.284764403049035,105.20806126206134,179.83396733638912,74.62590607432779,1,0
164.0760025702658,16.277569015075063,105.20806126206134,179.83396733638912,74.62590607432779,1,0
164.2273628042779,16.24004289642822,105.20806126206134,179.83396733638912,74.62590607432779,1,0
164.35351589973467,16.186431805182153,105.20806126206134,179.83396733638912,74.62590607432779,1,0
164.41473490078465,16.159151692789134,105.20806126206134,179.83396733638912,74.62590607432779,1,0
164.5390016320867,16.107311080365154,105.20806126206134,179.83396733638912,74.62590607432779,1,0
164.64721168940588,16.04734825293728,105.20806126206134,179.83396733638912,74.62590607432779,1,0
164.6968691918408,16.01550742730029,105.20806126206134,179.83396733638912,74.62590607432779,1,0
164.79386931903386,15.95190734407942,105.20806126206134,179.83396733638912,74.62590607432779,1,0
164.88828699342835,15.888669271586533,105.20806126206134,179.83396733638912,74.62590607432779,1,0
164.93436977004936,15.857083590102953,105.20806126206134,179.83396733638912,74.62590607432779,1,0
165.05232140947066,15.811194098487103,105.20806126206134,179.83396733638912,74.62590607432779,1,0
165.19501392909623,15.785739962255546,105.20806126206134,179.83396733638912,74.62590607432779,1,0
165.2521298264216,15.71271614147436,105.20806126206134,179.83396733638912,74.62590607432779,1,0
165.2548752502505,15.671138190514208,105.20806126206134,179.83396733638912,74.62590607432779,1,0
165.24085951323394,15.589492474381432,105.20806126206134,179.83396733638912,74.62590607432779,1,0
149.91870959689987,4.737615481619787,143.0091126457269,156.52150003628742,13.51238739056052,0,1
107.65549693513043,27.855753013365526,61.700934537585056,146.49418474585826,84.79325020827321,1,1
75.20294996674693,0.0,75.20294996674693,75.20294996674693,0.0,1,1
76.8843798908917,0.0,76.8843798908917,76.8843798908917,0.0,1,1
75.12782944516815,0.053839730626592086,75.07398971454155,75.18166917579474,0.10767946125318417,1,1
74.50882151452419,0.0,74.50882151452419,74.50882151452419,0.0,1,1
66.8552426888902,0.516360570319911,66.33888211857028,67.3716032592101,1.032721140639822,1,1
67.84195019563734,0.0,67.84195019563734,67.84195019563734,0.0,1,1
69.62538674916061,0.3427294791415463,69.28265727001906,69.96811622830215,0.6854589582830926,1,1
64.59082340586689,0.0,64.59082340586689,64.59082340586689,0.0,1,1
59.66678624394276,0.0,59.66678624394276,59.66678624394276,0.0,1,1
63.46939093178723,3.49815165762422,59.97123927416301,66.96754258941145,6.99630331524844,1,1
73.20300366681704,0.0,73.20300366681704,73.20300366681704,0.0,1,1
68.57258153112559,0.09367322053785898,68.47890831058774,68.66625475166346,0.18734644107571796,1,1
68.82285026543009,0.0,68.82285026543009,68.82285026543009,0.0,1,1
65.36978308966029,1.0319242338136831,64.3378588558466,66.40170732347397,2.0638484676273663,1,1
67.56800943784359,0.0,67.56800943784359,67.56800943784359,0.0,1,1
72.32955034250494,0.9912224193043286,71.33832792320062,73.32077276180928,1.9824448386086573,1,1
73.30920213301336,0.0,73.30920213301336,73.30920213301336,0.0,1,1
75.41850181177216,0.0,75.41850181177216,75.41850181177216,0.0,1,1
83.55069296740388,5.283242512956441,78.26745045444743,88.83393548036031,10.566485025912883,1,1
91.14577196352089,0.0,91.14577196352089,91.14577196352089,0.0,1,1
110.80463131623176,7.904174807169191,102.90045650906256,118.70880612340095,15.808349614338383,1,1
123.06187893474782,0.0,123.06187893474782,123.06187893474782,0.0,1,1
131.6197205916692,3.501737089650831,128.11798350201835,135.12145768132,7.003474179301662,0,1
137.9906945108638,0.0,137.9906945108638,137.9906945108638,0.0,0,1
139.90627771450139,0.06834278533534643,139.83793492916604,139.97462049983673,0.13668557067069287,0,1
139.1535122311125,0.0,139.1535122311125,139.1535122311125,0.0,0,1
138.5618246150027,0.11445943286992133,138.44736518213278,138.67628404787263,0.22891886573984266,0,1
140.02803474637977,0.0,140.02803474637977,140.02803474637977,0.0,0,1
140.70676445972086,0.38034637174501995,140.32641808797584,141.08711083146588,0.7606927434900399,0,1
141.78035619282255,0.0,141.78035619282255,141.78035619282255,0.0,0,1
143.48446741532092,0.0,143.48446741532092,143.48446741532092,0.0,0,1
145.57217864009507,0.625023007086952,144.94715563300812,146.19720164718203,1.250046014173904,0,1
146.7008572132384,0.0,146.7008572132384,146.7008572132384,0.0,0,1
147.4469758892372,0.48264072212575115,146.96433516711144,147.92961661136295,0.9652814442515023,0,1
148.38706457324898,0.0,148.38706457324898,148.38706457324898,0.0,0,1
151.8700878666662,1.7511849642160229,150.1189029024502,153.62127283088225,3.5023699284320458,0,1
156.8163482807839,0.0,156.8163482807839,156.8163482807839,0.0,0,1
160.39322556198417,1.7999710410202,158.59325452096397,162.19319660300437,3.5999420820404,0,1
164.4076773912816,0.0,164.4076773912816,164.4076773912816,0.0,0,1
168.4372084258952,0.0,168.4372084258952,168.4372084258952,0.0,0,1
171.12536640503413,1.6038427660811578,169.52152363895297,172.7292091711153,3.2076855321623157,0,1
177.11699061362637,0.0,177.11699061362637,177.11699061362637,0.0,0,1
179.12813986695457,0.3888705871233924,178.73926927983118,179.51701045407796,0.7777411742467848,0,1
177.3024734738055,0.0,177.3024734738055,177.3024734738055,0.0,0,1
177.07215435843534,0.11956922936265357,176.9525851290727,177.191723587798,0.23913845872530715,0,1
176.1970562339224,0.0,176.1970562339224,176.1970562339224,0.0,0,1
175.2224252403144,0.24322602417718997,174.97919921613723,175.4656512644916,0.48645204835437994,0,1
175.04157282145238,0.0,175.04157282145238,175.04157282145238,0.0,0,1
176.01021882179327,0.296654084070326,175.71356473772295,176.3068729058636,0.593308168140652,0,1
176.4966893933492,0.0,176.4966893933492,176.4966893933492,0.0,0,1
176.44717155102387,0.0,176.44717155102387,176.44717155102387,0.0,0,1
176.50418558914845,0.02010818514064283,176.48407740400782,176.5242937742891,0.04021637028128566,0,1
176.56441188198406,0.0,176.56441188198406,176.56441188198406,0.0,0,1
176.38587257163465,0.184877260459956,176.2009953111747,176.5707498320946,0.369754520919912,0,1
175.925767805554,0.0,175.925767805554,175.925767805554,0.0,0,1
175.4760871447117,0.03648400975846755,175.43960313495322,175.51257115447015,0.0729680195169351,0,1
175.70729060551102,0.0,175.70729060551102,175.70729060551102,0.0,0,1
175.56418492439923,0.022354223417138996,175.54183070098208,175.58653914781635,0.04470844683427799,0,1
175.28493521817288,0.0,175.28493521817288,175.28493521817288,0.0,0,1
175.16109395360172,0.0,175.16109395360172,175.16109395360172,0.0,0,1
174.93555778302397,0.00223538880707963,174.9333223942169,174.93779317183106,0.00447077761415926,0,1
175.01300962328963,0.0,175.01300962328963,175.01300962328963,0.0,0,1
175.20858275582026,0.07481876384444774,175.1337639919758,175.2834015196647,0.1496375276888955,0,1
175.55832301218365,0.0,175.55832301218365,175.55832301218365,0.0,0,1
177.23677766466096,0.405515023650338,176.83126264101062,177.6422926883113,0.811030047300676,0,1
178.5262773893514,0.0,178.5262773893514,178.5262773893514,0.0,0,1
176.37555973819354,2.16115448810082,174.2144052500927,178.53671422629435,4.32230897620164,0,1
173.26276172752412,0.0,173.26276172752412,173.26276172752412,0.0,0,1
171.02390573642583,1.0777753866101563,169.94613034981566,172.10168112303597,2.1555507732203125,0,1
167.40061020474053,0.0,167.40061020474053,167.40061020474053,0.0,0,1
164.10513923745754,0.0,164.10513923745754,164.10513923745754,0.0,0,1
158.36208349436657,0.7307404053890423,157.63134308897753,159.09282389975562,1.4614808107780846,0,1
155.20023003434406,0.0,155.20023003434406,155.20023003434406,0.0,0,1
152.5830996243718,0.8994923823371153,151.6836072420347,153.48259200670893,1.7989847646742305,0,1
151.17852722102293,0.0,151.17852722102293,151.17852722102293,0.0,0,1
151.21314258554298,0.3932432954166387,150.81989929012636,151.60638588095964,0.7864865908332774,0,1
151.9969978618027,0.0,151.9969978618027,151.9969978618027,0.0,0,1
152.30613524344858,0.5694312242724209,151.73670401917616,152.875566467721,1.1388624485448418,0,1
153.44412340518952,0.0,153.44412340518952,153.44412340518952,0.0,0,1
152.96758621529614,0.0,152.96758621529614,152.96758621529614,0.0,0,1
152.6465836141299,0.6656191341724167,151.9809644799575,153.31220274830233,1.3312382683448334,0,1
149.18978730784644,0.0,149.18978730784644,149.18978730784644,0.0,0,1
145.0832349606397,1.4413583861705348,143.64187657446917,146.52459334681024,2.8827167723410696,0,1
142.22214978954182,0.0,142.22214978954182,142.22214978954182,0.0,0,1
139.86713078112075,1.6188657197022422,138.24826506141852,141.485996500823,3.2377314394044845,0,1
131.90859891171047,0.0,131.90859891171047,131.90859891171047,0.0,0,1
129.69352146595494,0.9443670064378011,128.74915445951714,130.63788847239275,1.8887340128756023,0,1
127.44438179837819,0.0,127.44438179837819,127.44438179837819,0.0,0,1
123.39898590187671,1.980559364002815,121.4184265378739,125.37954526587953,3.96111872800563,1,1
118.3600565692408,0.0,118.3600565692408,118.3600565692408,0.0,1,1
127.57757446854103,0.0,127.57757446854103,127.57757446854103,0.0,0,1
131.69310637287583,0.3283667703987305,131.3647396024771,132.02147314327456,0.656733540797461,0,1
121.54089896397764,0.0,121.54089896397764,121.54089896397764,0.0,1,1
117.56461355497527,0.911955182293184,116.65265837268208,118.47656873726845,1.823910364586368,1,1
112.61653134957902,0.0,112.61653134957902,112.61653134957902,0.0,1,1
111.92898564888816,3.960201314974718,107.96878433391345,115.88918696386288,7.920402629949436,1,1
98.71421630179623,0.0,98.71421630179623,98.71421630179623,0.0,1,1
99.49679886942207,0.5371337896696602,98.9596650797524,100.03393265909172,1.0742675793393204,1,1
100.54062076039916,0.0,100.54062076039916,100.54062076039916,0.0,1,1
96.42697218700255,0.06351480681738764,96.36345738018517,96.49048699381994,0.12702961363477527,1,1
91.7879482646425,0.0,91.7879482646425,91.7879482646425,0.0,1,1
90.31880163442301,0.2837512165769951,90.03505041784602,90.60255285100001,0.5675024331539902,1,1
90.43493476652826,0.0,90.43493476652826,90.43493476652826,0.0,1,1
87.46470788773661,0.9561187755294327,86.50858911220718,88.42082666326604,1.9122375510588654,1,1
85.46652440311468,0.0,85.46652440311468,85.46652440311468,0.0,1,1
85.00333684700671,0.0,85.00333684700671,85.00333684700671,0.0,1,1
85.69641768629036,0.02984747114652464,85.66657021514384,85.72626515743688,0.05969494229304928,1,1
86.42607718354584,0.0,86.42607718354584,86.42607718354584,0.0,1,1
88.67235739563012,0.9293555730017289,87.74300182262839,89.60171296863184,1.8587111460034578,1,1
97.38102703456069,0.0,97.38102703456069,97.38102703456069,0.0,1,1
104.0100125979054,4.030580800492416,99.97943179741299,108.04059339839782,8.061161600984832,1,1
110.71342643034987,0.0,110.71342643034987,110.71342643034987,0.0,1,1
112.65317632051122,3.127128060328509,109.5260482601827,115.78030438083972,6.254256120657018,1,1
121.66161842603205,0.0,121.66161842603205,121.66161842603205,0.0,1,1
127.72335094781243,0.0,127.72335094781243,127.72335094781243,0.0,0,1
131.51497572563483,1.5076070977053033,130.0073686279295,133.02258282334012,3.015214195410607,0,1
132.1225299604022,0.0,132.1225299604022,132.1225299604022,0.0,0,1
134.70998660310119,0.2708201081694881,134.4391664949317,134.98080671127067,0.5416402163389762,0,1
135.93847649943896,0.0,135.93847649943896,135.93847649943896,0.0,0,1
137.74071063215854,0.08127510251384251,137.6594355296447,137.82198573467238,0.16255020502768502,0,1
139.74585652065122,0.0,139.74585652065122,139.74585652065122,0.0,0,1
141.60844582685027,0.0,141.60844582685027,141.60844582685027,0.0,0,1
144.41479568051705,0.0074354222221728605,144.4073602582949,144.42223110273923,0.014870844444345721,0,1
144.87290498040156,0.0,144.87290498040156,144.87290498040156,0.0,0,1
144.97256931787211,0.34578068212387336,144.62678863574826,145.318349999996,0.6915613642477467,0,1
145.6975746699228,0.0,145.6975746699228,145.6975746699228,0.0,0,1
148.138106824764,0.89376125461051,147.2443455701535,149.03186807937453,1.78752250922102,0,1
151.4521668420362,0.0,151.4521668420362,151.4521668420362,0.0,0,1
157.10738555634384,1.4938164787802035,155.61356907756365,158.60120203512406,2.9876329575604075,0,1
162.96999505739302,0.0,162.96999505739302,162.96999505739302,0.0,0,1
168.73857170842737,0.0,168.73857170842737,168.73857170842737,0.0,0,1
175.95291985056684,2.6236646909690506,173.3292551595978,178.5765845415359,5.247329381938101,0,1
179.23547131739616,0.0,179.23547131739616,179.23547131739616,0.0,0,1
177.22490144077491,0.8532004331101177,176.3717010076648,178.07810187388503,1.7064008662202355,0,1
175.0151416628794,0.0,175.0151416628794,175.0151416628794,0.0,0,1
172.88747536132826,0.2999197218411638,172.5875556394871,173.18739508316943,0.5998394436823276,0,1
172.28314905553077,0.0,172.28314905553077,172.28314905553077,0.0,0,1
172.4263671517603,0.07602380819048449,172.35034334356982,172.5023909599508,0.15204761638096898,0,1
172.923936067304,0.0,172.923936067304,172.923936067304,0.0,0,1
173.36482072167405,0.13342377213736256,173.2313969495367,173.49824449381143,0.2668475442747251,0,1
173.61076106155804,0.0,173.61076106155804,173.61076106155804,0.0,0,1
173.7888772685363,0.0,173.7888772685363,173.7888772685363,0.0,0,1
173.81173464385068,0.009274389569142727,173.80246025428153,173.8210090334198,0.018548779138285454,0,1
173.50300068426907,0.0,173.50300068426907,173.50300068426907,0.0,0,1
173.34861391581347,0.03954302484737582,173.3090708909661,173.38815694066085,0.07908604969475164,0,1
173.6404850381726,0.0,173.6404850381726,173.6404850381726,0.0,0,1
174.15978006867073,0.2687096904578965,173.89107037821282,174.4284897591286,0.537419380915793,0,1
175.01069291913592,0.0,175.01069291913592,175.01069291913592,0.0,0,1
175.25539479639346,0.11315948316354252,175.14223531322992,175.368554279557,0.22631896632708504,0,1
175.2951539285464,0.0,175.2951539285464,175.2951539285464,0.0,0,1
174.95851394366426,0.0,174.95851394366426,174.95851394366426,0.0,0,1
174.93393275194643,0.406829325502585,174.52710342644386,175.34076207744903,0.81365865100517,0,1
176.1960243889798,0.0,176.1960243889798,176.1960243889798,0.0,0,1
176.9289747185477,0.04392624591078231,176.88504847263692,176.9729009644585,0.08785249182156463,0,1
178.35826331105685,0.0,178.35826331105685,178.35826331105685,0.0,0,1
178.85866373997447,0.14017022670806512,178.71849351326642,178.99883396668255,0.28034045341613023,0,1
178.99186429846833,0.0,178.99186429846833,178.99186429846833,0.0,0,1
173.09509136948782,3.309897250608813,169.785194118879,176.40498862009662,6.619794501217626,0,1
165.31164059548902,0.0,165.31164059548902,165.31164059548902,0.0,0,1
165.28443972589386,0.5469383251316344,164.73750140076223,165.8313780510255,1.0938766502632689,0,1
164.90481321323168,0.0,164.90481321323168,164.90481321323168,0.0,0,1
164.70761156778627,0.0,164.70761156778627,164.70761156778627,0.0,0,1
162.35943356163477,0.47113577686724284,161.88829778476753,162.83056933850202,0.9422715537344857,0,1
159.9637407053189,0.0,159.9637407053189,159.9637407053189,0.0,0,1
158.42603893714423,0.39577131908131946,158.0302676180629,158.82181025622555,0.7915426381626389,0,1
158.59374165802566,0.0,158.59374165802566,158.59374165802566,0.0,0,1
155.95185848258984,0.3278908066018147,155.623967675988,156.27974928919164,0.6557816132036294,0,1
151.11934490061813,0.0,151.11934490061813,151.11934490061813,0.0,0,1
150.14067608814028,0.5863064984172581,149.55436958972302,150.72698258655754,1.1726129968345163,0,1
147.99214782868467,0.0,147.99214782868467,147.99214782868467,0.0,0,1
147.83392817566414,0.34377342426959956,147.49015475139453,148.17770159993373,0.6875468485391991,0,1
146.69759306073735,0.0,146.69759306073735,146.69759306073735,0.0,0,1
145.73620405390744,0.0,145.73620405390744,145.73620405390744,0.0,0,1
141.37380442068792,1.7210451284989716,139.65275929218893,143.09484954918688,3.4420902569979432,0,1
130.35909522765172,0.0,130.35909522765172,130.35909522765172,0.0,0,1
120.81042966835278,2.1831733048121365,118.62725636354065,122.99360297316493,4.366346609624273,1,1
115.98574337306677,0.0,115.98574337306677,115.98574337306677,0.0,1,1
110.670106932551,0.0,110.670106932551,110.670106932551,0.0,1,1
107.75431765202055,0.9907845678173857,106.76353308420316,108.74510221983793,1.9815691356347713,1,1
98.23221100395948,0.0,98.23221100395948,98.23221100395948,0.0,1,1
84.6535436029044,2.9498139505090677,81.70372965239534,87.60335755341347,5.899627901018135,1,1
82.07468937469686,0.0,82.07468937469686,82.07468937469686,0.0,1,1
76.49251029967988,0.920025765615442,75.57248453406444,77.41253606529533,1.840051531230884,1,1
75.71014912819716,0.0,75.71014912819716,75.71014912819716,0.0,1,1
73.4151826590442,1.2114760016044457,72.20370665743977,74.62665866064866,2.4229520032088914,1,1
71.43668576201765,0.0,71.43668576201765,71.43668576201765,0.0,1,1
72.2952320971455,0.0,72.2952320971455,72.2952320971455,0.0,1,1
72.57532482886563,0.2404625272908234,72.33486230157482,72.81578735615646,0.4809250545816468,1,1
71.67166118051766,0.0,71.67166118051766,71.67166118051766,0.0,1,1
74.57340382979046,0.9694205521116004,73.60398327767886,75.54282438190207,1.9388411042232008,1,1
76.38447353725975,0.0,76.38447353725975,76.38447353725975,0.0,1,1
82.50636253004296,2.230529740673724,80.27583278936923,84.73689227071668,4.461059481347448,1,1
81.71948554660337,0.0,81.71948554660337,81.71948554660337,0.0,1,1
84.69297485030167,3.9205165404302704,80.7724583098714,88.61349139073194,7.841033080860541,1,1
90.3546776284055,0.0,90.3546776284055,90.3546776284055,0.0,1,1
89.42728705181717,0.0,89.42728705181717,89.42728705181717,0.0,1,1
89.73819890545302,0.7579203094223885,88.98027859603063,90.4961192148754,1.515840618844777,1,1
92.59034800597,0.0,92.59034800597,92.59034800597,0.0,1,1
89.68925920426281,2.267400180878738,87.42185902338407,91.95665938514155,4.534800361757476,1,1
89.72836649213981,0.0,89.72836649213981,89.72836649213981,0.0,1,1
100.8448575455668,3.560467440529763,97.28439010503703,104.40532498609656,7.120934881059526,1,1
106.10913521434634,0.0,106.10913521434634,106.10913521434634,0.0,1,1
110.51628341820165,0.348010662832273,110.16827275536937,110.86429408103392,0.696021325664546,1,1
110.15028559324794,0.0,110.15028559324794,110.15028559324794,0.0,1,1
110.78102417168111,1.2184909411820968,109.56253323049901,111.99951511286321,2.4369818823641936,1,1
115.44326676328919,0.0,115.44326676328919,115.44326676328919,0.0,1,1
118.98639068035314,1.4094577278105334,117.5769329525426,120.39584840816367,2.8189154556210667,1,1
122.16934519715718,0.0,122.16934519715718,122.16934519715718,0.0,1,1
124.33638207753265,1.0734223194748296,123.26295975805782,125.40980439700748,2.146844638949659,1,1
126.7867659518125,0.0,126.7867659518125,126.7867659518125,0.0,0,1
129.54545312865363,1.3606172697584213,128.1848358588952,130.90607039841206,2.7212345395168427,0,1
131.6644736513843,0.0,131.6644736513843,131.6644736513843,0.0,0,1
131.46821864079976,0.0,131.46821864079976,131.46821864079976,0.0,0,1
131.99588067265657,0.34831573325149634,131.64756493940507,132.34419640590806,0.6966314665029927,0,1
132.05929403389834,0.0,132.05929403389834,132.05929403389834,0.0,0,1
134.58464066548038,1.6141580696293971,132.970482595851,136.1987987351098,3.2283161392587942,0,1
139.36083660550779,0.0,139.36083660550779,139.36083660550779,0.0,0,1
145.18482447717773,1.6582851108949512,143.52653936628278,146.84310958807268,3.3165702217899025,0,1
151.50037210633982,0.0,151.50037210633982,151.50037210633982,0.0,0,1
159.81866586581106,2.670799495848982,157.1478663699621,162.48946536166005,5.341598991697964,0,1
164.89749658150456,0.0,164.89749658150456,164.89749658150456,0.0,0,1
166.73424423438678,0.7908856283488177,165.94335860603798,167.5251298627356,1.5817712566976354,0,1
169.3006713112323,0.0,169.3006713112323,169.3006713112323,0.0,0,1
171.70537747125275,0.24512661759987964,171.46025085365287,171.95050408885263,0.4902532351997593,0,1
173.1234136447269,0.0,173.1234136447269,173.1234136447269,0.0,0,1
173.62843898668686,0.0,173.62843898668686,173.62843898668686,0.0,0,1
174.73942466195984,0.6852190000690399,174.05420566189082,175.4246436620289,1.3704380001380798,0,1
176.01765966442525,0.0,176.01765966442525,176.01765966442525,0.0,0,1
177.0201065322786,0.09321913981712271,176.92688739246148,177.11332567209573,0.18643827963424542,0,1
177.26739628592023,0.0,177.26739628592023,177.26739628592023,0.0,0,1
177.42009379643218,0.09924061025699871,177.32085318617519,177.51933440668918,0.19848122051399741,0,1
177.33162343909157,0.0,177.33162343909157,177.33162343909157,0.0,0,1
177.3517244951925,0.11693565189757749,177.23478884329495,177.4686601470901,0.23387130379515497,0,1
176.82263248240167,0.0,176.82263248240167,176.82263248240167,0.0,0,1
176.20585382152944,0.07406391474015095,176.1317899067893,176.2799177362696,0.1481278294803019,0,1
176.29529337580237,0.0,176.29529337580237,176.29529337580237,0.0,0,1
